{"overwrite":false,"dashboard":{"schemaVersion":6,"timezone":"browser","editable":true,"timepicker":{"time_options":["5m","15m","1h","6h","12h","24h","2d","7d","30d"],"refresh_intervals":["5s","10s","30s","1m","5m","15m","30m","1h","2h","1d"]},"refresh":"5s","id":null,"time":{"from":"now-15m","to":"now"},"title":"decision-service-Monitor","rows":[{"repeatRowId":null,"panels":[{"valueName":"current","prefix":"","mappingTypes":[{"name":"value to text","value":1},{"name":"range to text","value":2}],"nullText":null,"error":false,"title":"Uptime","type":"singlestat","prefixFontSize":"50%","sparkline":{"fillColor":"rgba(31, 118, 189, 0.18)","show":false,"lineColor":"rgb(31, 120, 193)","full":false},"targets":[{"hide":false,"format":"time_series","legendFormat":"","expr":"(time() - container_start_time_seconds{name=~\"decision-service\"})","interval":"","step":1,"refId":"A","intervalFactor":1}],"colors":["rgba(245, 54, 54, 0.9)","rgba(245, 119, 15, 0.89)","rgba(50, 172, 45, 0.97)"],"colorValue":true,"links":[],"id":1,"postfix":"","rangeMaps":[{"from":"null","text":"N\/A","to":"null"}],"tableColumn":"","height":"","gauge":{"minValue":0,"maxValue":100,"show":false,"thresholdLabels":false,"thresholdMarkers":true},"colorBackground":false,"maxDataPoints":100,"valueFontSize":"80%","editable":true,"format":"s","nullPointMode":"connected","timeFrom":"2s","valueMaps":[{"op":"=","text":"N\/A","value":"null"}],"cacheTimeout":null,"thresholds":"","datasource":"prometheus","decimals":0,"mappingType":1,"hideTimeOverride":true,"interval":null,"postfixFontSize":"80%","span":4},{"valueName":"current","prefix":"","mappingTypes":[{"name":"value to text","value":1},{"name":"range to text","value":2}],"nullText":null,"error":false,"title":"Memory used","type":"singlestat","prefixFontSize":"50%","sparkline":{"fillColor":"rgba(31, 118, 189, 0.18)","show":false,"lineColor":"rgb(31, 120, 193)","full":false},"targets":[{"hide":false,"format":"time_series","legendFormat":"","expr":"sum(container_memory_rss{name=~\"decision-service\"})","interval":"","step":900,"refId":"A","intervalFactor":1}],"colors":["rgba(179, 41, 133, 0.93)","rgba(40, 237, 170, 0.89)","rgba(80, 245, 54, 0.9)"],"colorValue":true,"links":[],"id":2,"postfix":"","rangeMaps":[{"from":"null","text":"N\/A","to":"null"}],"tableColumn":"","gauge":{"minValue":0,"maxValue":100,"show":false,"thresholdLabels":false,"thresholdMarkers":true},"colorBackground":false,"maxDataPoints":100,"valueFontSize":"80%","editable":true,"format":"bytes","nullPointMode":"connected","timeFrom":null,"valueMaps":[{"op":"=","text":"N\/A","value":"null"}],"cacheTimeout":null,"thresholds":"","datasource":"prometheus","decimals":2,"mappingType":1,"interval":null,"postfixFontSize":"80%","span":4},{"dateSettings":{"dateFormat":"DD-MM-YYYY","fontSize":"30px","showDate":true,"fontWeight":"normal"},"title":"Current Date &Time","type":"grafana-clock-panel","clockType":"24 hour","countdownSettings":{"endText":"00:00:00","endCountdownTime":"2017-10-05T10:12:00.000Z"},"transparent":false,"offsetFromUtc":null,"mode":"time","bgColor":null,"links":[],"id":3,"offsetFromUtcMinutes":null,"timeSettings":{"fontSize":"30px","fontWeight":"normal","customFormat":"HH:mm:ss"},"span":4}],"repeatIteration":null,"showTitle":false,"repeat":null,"titleSize":"h6","title":"Dashboard Row","collapse":false,"height":116},{"repeatRowId":null,"panels":[{"renderer":"flot","stack":false,"legend":{"current":false,"total":false,"alignAsTable":true,"avg":false,"min":false,"max":false,"values":false,"show":true,"rightSide":true},"tooltip":{"msResolution":true,"shared":true,"value_type":"individual","sort":2},"yaxes":[{"logBase":1,"max":null,"format":"percent","show":true,"label":""},{"logBase":1,"min":null,"max":null,"format":"short","show":false,"label":null}],"error":false,"title":"CPU Usage","type":"graph","seriesOverrides":[],"targets":[{"hide":false,"metric":"","format":"time_series","legendFormat":"{{name}}","expr":"sum(rate(container_cpu_user_seconds_total{name=\"decision-service\"}[1m]) * 100  \/ count_scalar(node_cpu{mode=\"user\"})) by (name)","interval":"500ms","step":10,"refId":"F","intervalFactor":10}],"points":false,"xaxis":{"mode":"time","buckets":null,"values":[],"name":null,"show":true},"percentage":false,"dashLength":10,"links":[],"id":7,"lines":true,"spaceLength":10,"editable":true,"nullPointMode":"connected","steppedLine":false,"fill":5,"linewidth":2,"bars":false,"timeFrom":null,"dashes":false,"thresholds":[],"timeShift":null,"datasource":"prometheus","grid":{},"aliasColors":{"paymentinitiation":"#1F78C1"},"decimals":2,"pointradius":5,"span":6},{"renderer":"flot","stack":false,"legend":{"current":false,"total":false,"alignAsTable":true,"avg":false,"min":false,"max":false,"values":false,"show":true,"rightSide":true},"tooltip":{"msResolution":true,"shared":true,"value_type":"individual","sort":0},"yaxes":[{"logBase":1,"min":"0","max":null,"format":"bytes","show":true,"label":""},{"logBase":1,"min":null,"max":null,"format":"short","show":false,"label":null}],"error":false,"title":"Memory Usage","type":"graph","seriesOverrides":[],"targets":[{"hide":false,"format":"time_series","legendFormat":"{{name}}","expr":"sum(container_memory_usage_bytes{name=\"decision-service\"}) by (name)","interval":"500ms","step":2,"refId":"A","intervalFactor":2}],"points":false,"xaxis":{"mode":"time","buckets":null,"values":[],"name":null,"show":true},"percentage":false,"dashLength":10,"links":[],"id":6,"lines":true,"spaceLength":10,"editable":true,"nullPointMode":"connected","steppedLine":false,"fill":1,"linewidth":2,"bars":false,"timeFrom":null,"dashes":false,"thresholds":[],"timeShift":null,"datasource":"prometheus","grid":{},"aliasColors":{"paymentinitiation":"#584477"},"decimals":2,"pointradius":5,"span":6}],"repeatIteration":null,"showTitle":false,"repeat":null,"titleSize":"h6","title":"Dashboard Row","collapse":false,"height":194},{"repeatRowId":null,"panels":[{"renderer":"flot","stack":false,"legend":{"current":false,"total":false,"alignAsTable":true,"avg":false,"min":false,"max":false,"values":false,"show":true,"hideEmpty":false,"rightSide":true,"hideZero":false},"tooltip":{"msResolution":true,"shared":true,"value_type":"cumulative","sort":2},"yaxes":[{"logBase":1,"min":"0","max":null,"format":"decbytes","show":true,"label":""},{"logBase":10,"min":0,"max":8,"format":"short","show":false,"label":""}],"error":false,"title":"Network Input","type":"graph","seriesOverrides":[],"targets":[{"hide":false,"format":"time_series","legendFormat":"{{name}}","expr":"sum by (name) (rate(container_network_receive_bytes_total{name=\"decision-service\"}[1m]))","interval":"500ms","step":10,"refId":"A","intervalFactor":10}],"transparent":false,"points":false,"xaxis":{"mode":"time","buckets":null,"values":[],"name":null,"show":true},"percentage":false,"dashLength":10,"links":[],"id":4,"lines":true,"spaceLength":10,"editable":true,"nullPointMode":"connected","steppedLine":false,"fill":1,"linewidth":2,"bars":false,"timeFrom":null,"dashes":false,"thresholds":[],"timeShift":null,"datasource":"prometheus","grid":{},"aliasColors":{"paymentinitiation":"#C15C17"},"pointradius":5,"span":6},{"renderer":"flot","stack":false,"legend":{"current":false,"total":false,"alignAsTable":true,"avg":false,"min":false,"max":false,"values":false,"show":true,"rightSide":true},"tooltip":{"msResolution":true,"shared":true,"value_type":"cumulative","sort":2},"yaxes":[{"logBase":1,"min":"0","max":null,"format":"bytes","show":true,"label":null},{"logBase":1,"min":null,"max":null,"format":"short","show":false,"label":null}],"error":false,"title":"Network Output","type":"graph","seriesOverrides":[],"targets":[{"hide":false,"format":"time_series","legendFormat":"{{name}}","expr":"sum by (name) (rate(container_network_transmit_bytes_total{name=\"decision-service\"}[1m]))","interval":"500ms","step":10,"refId":"A","intervalFactor":10}],"transparent":false,"points":false,"xaxis":{"mode":"time","buckets":null,"values":[],"name":null,"show":true},"percentage":false,"dashLength":10,"links":[],"id":5,"lines":true,"spaceLength":10,"editable":true,"nullPointMode":"connected","steppedLine":false,"fill":1,"linewidth":2,"bars":false,"timeFrom":null,"dashes":false,"thresholds":[],"timeShift":null,"datasource":"prometheus","grid":{},"aliasColors":{},"decimals":null,"pointradius":5,"span":6}],"repeatIteration":null,"showTitle":false,"repeat":null,"titleSize":"h6","title":"Row","collapse":false,"height":261},{"repeatRowId":null,"panels":[{"renderer":"flot","stack":false,"legend":{"current":false,"total":false,"alignAsTable":true,"avg":false,"min":false,"max":false,"values":false,"show":true,"rightSide":true},"tooltip":{"msResolution":true,"shared":true,"value_type":"individual","sort":0},"yaxes":[{"logBase":1,"min":"0","max":null,"format":"bytes","show":true,"label":""},{"logBase":1,"min":null,"max":null,"format":"short","show":false,"label":null}],"error":false,"title":"Cached Memory Usage","type":"graph","seriesOverrides":[],"targets":[{"hide":false,"format":"time_series","legendFormat":"{{name}}","expr":"sum(container_memory_cache{name=\"decision-service\"}) by (name)","step":2,"refId":"A","intervalFactor":2}],"points":false,"xaxis":{"mode":"time","buckets":null,"values":[],"name":null,"show":true},"percentage":false,"dashLength":10,"links":[],"id":8,"lines":true,"spaceLength":10,"editable":true,"nullPointMode":"connected","steppedLine":false,"fill":1,"linewidth":2,"bars":false,"timeFrom":null,"dashes":false,"thresholds":[],"timeShift":null,"datasource":"prometheus","grid":{},"aliasColors":{"paymentinitiation":"#E24D42"},"pointradius":5,"span":12}],"repeatIteration":null,"showTitle":false,"repeat":null,"titleSize":"h6","title":"Dashboard Row","collapse":false,"height":250},{"repeatRowId":null,"panels":[{"valueName":"current","prefix":"","mappingTypes":[{"name":"value to text","value":1},{"name":"range to text","value":2}],"nullText":null,"title":"Number of requests received for retrieveDecisions","type":"singlestat","prefixFontSize":"50%","sparkline":{"fillColor":"rgba(31, 118, 189, 0)","show":false,"lineColor":"rgb(31, 120, 193)","full":false},"targets":[{"hide":false,"format":"time_series","expr":"sum(http_requests_total{handler=\"MedicalUnderwriterApiController.retrieveDecisions\"})","interval":"5s","step":5,"refId":"A","intervalFactor":1}],"colors":["rgba(135, 245, 54, 0.9)","rgb(198, 237, 40)","rgba(50, 172, 45, 0.97)"],"transparent":false,"minSpan":null,"colorValue":true,"links":[],"id":89,"postfix":"","rangeMaps":[{"from":"null","text":"N\/A","to":"null"}],"tableColumn":"","gauge":{"minValue":0,"maxValue":100,"show":false,"thresholdLabels":false,"thresholdMarkers":true},"colorBackground":false,"maxDataPoints":100,"valueFontSize":"120%","editable":true,"format":"none","nullPointMode":"connected","timeFrom":"5s","valueMaps":[{"op":"=","text":"0","value":"null"}],"cacheTimeout":null,"thresholds":"","timeShift":null,"datasource":"prometheus","decimals":null,"mappingType":1,"hideTimeOverride":true,"interval":null,"postfixFontSize":"50%","span":4},{"valueName":"current","prefix":"","mappingTypes":[{"name":"value to text","value":1},{"name":"range to text","value":2}],"nullText":null,"title":"Number of successful requests received for retrieveDecisions","type":"singlestat","prefixFontSize":"50%","sparkline":{"fillColor":"rgba(31, 118, 189, 0.18)","show":false,"lineColor":"rgb(31, 120, 193)","full":false},"targets":[{"hide":false,"format":"time_series","expr":"sum(http_requests_total{handler=\"MedicalUnderwriterApiController.retrieveDecisions\",status=~\"^2..$\"})","interval":"5s","step":5,"refId":"A","intervalFactor":1}],"colors":["rgba(245, 54, 54, 0.9)","rgb(21, 121, 0)","rgba(246, 250, 245, 0.97)"],"colorValue":true,"links":[],"id":169,"postfix":"","rangeMaps":[{"from":"null","text":"N\/A","to":"null"}],"tableColumn":"","gauge":{"minValue":0,"maxValue":100,"show":false,"thresholdLabels":false,"thresholdMarkers":true},"colorBackground":false,"maxDataPoints":100,"valueFontSize":"120%","format":"none","nullPointMode":"connected","timeFrom":"5s","valueMaps":[{"op":"=","text":"0","value":"null"}],"cacheTimeout":null,"thresholds":"","datasource":"prometheus","mappingType":1,"hideTimeOverride":true,"interval":null,"postfixFontSize":"50%","span":4},{"valueName":"current","prefix":"","mappingTypes":[{"name":"value to text","value":1},{"name":"range to text","value":2}],"nullText":null,"title":"Number of unsuccessful requests received for retrieveDecisions","type":"singlestat","prefixFontSize":"50%","sparkline":{"fillColor":"rgba(31, 118, 189, 0.18)","show":false,"lineColor":"rgb(31, 120, 193)","full":false},"targets":[{"hide":false,"format":"time_series","expr":"sum(http_requests_total{handler=\"MedicalUnderwriterApiController.retrieveDecisions\",status!~\"^2..$\",})","interval":"5s","step":10,"refId":"A","intervalFactor":2}],"colors":["rgba(245, 54, 54, 0.9)","rgb(250, 5, 5)","rgba(50, 172, 45, 0.97)"],"colorValue":true,"links":[],"id":839,"postfix":"","rangeMaps":[{"from":"null","text":"N\/A","to":"null"}],"tableColumn":"","gauge":{"minValue":0,"maxValue":100,"show":false,"thresholdLabels":false,"thresholdMarkers":true},"colorBackground":false,"maxDataPoints":100,"valueFontSize":"120%","format":"none","nullPointMode":"connected","timeFrom":"5s","valueMaps":[{"op":"=","text":"0","value":"null"}],"cacheTimeout":null,"thresholds":"","datasource":"prometheus","mappingType":1,"hideTimeOverride":true,"interval":null,"postfixFontSize":"80%","span":4}],"repeatIteration":null,"showTitle":false,"repeat":null,"titleSize":"h6","title":"MedicalUnderwriterApiController.retrieveDecisions","collapse":false,"height":153}],"version":0,"tags":["templated"]}}